canonical_id,ET,PH_REGION,FA,BT,HR,SC,ST,v,created_at
FA-SG-A__BT-FR__ET-PH__PH_REGION-ILOCOS__HR-ST__SC-JUNGLE__ST-POCA__v01,PH,ILOCOS,SG-A,FR,ST,JUNGLE,POCA,01,2026-01-03T19:21:43.090241
FA-SG-A__BT-AL__ET-PH__PH_REGION-ILOCOS__HR-ST__SC-JUNGLE__ST-POCA__v01,PH,ILOCOS,SG-A,AL,ST,JUNGLE,POCA,01,2026-01-03T19:21:43.091695
FA-SG-A__BT-CF__ET-PH__PH_REGION-ILOCOS__HR-ST__SC-JUNGLE__ST-POCA__v01,PH,ILOCOS,SG-A,CF,ST,JUNGLE,POCA,01,2026-01-03T19:21:43.093559
FA-SG-A__BT-SM__ET-PH__PH_REGION-ILOCOS__HR-ST__SC-JUNGLE__ST-POCA__v01,PH,ILOCOS,SG-A,SM,ST,JUNGLE,POCA,01,2026-01-03T19:21:43.095100
FA-SG-A__BT-SC__ET-PH__PH_REGION-ILOCOS__HR-ST__SC-JUNGLE__ST-POCA__v01,PH,ILOCOS,SG-A,SC,ST,JUNGLE,POCA,01,2026-01-03T19:21:43.096759
FA-MB-A__BT-FR__ET-PH__PH_REGION-ILOCOS__HR-ST__SC-JUNGLE__ST-POCA__v01,PH,ILOCOS,MB-A,FR,ST,JUNGLE,POCA,01,2026-01-03T19:21:43.098140
FA-MB-A__BT-AL__ET-PH__PH_REGION-ILOCOS__HR-ST__SC-JUNGLE__ST-POCA__v01,PH,ILOCOS,MB-A,AL,ST,JUNGLE,POCA,01,2026-01-03T19:21:43.099410
FA-MB-A__BT-CF__ET-PH__PH_REGION-ILOCOS__HR-ST__SC-JUNGLE__ST-POCA__v01,PH,ILOCOS,MB-A,CF,ST,JUNGLE,POCA,01,2026-01-03T19:21:43.100838
FA-MB-A__BT-SM__ET-PH__PH_REGION-ILOCOS__HR-ST__SC-JUNGLE__ST-POCA__v01,PH,ILOCOS,MB-A,SM,ST,JUNGLE,POCA,01,2026-01-03T19:21:43.102220
FA-MB-A__BT-SC__ET-PH__PH_REGION-ILOCOS__HR-ST__SC-JUNGLE__ST-POCA__v01,PH,ILOCOS,MB-A,SC,ST,JUNGLE,POCA,01,2026-01-03T19:21:43.103683
FA-EM-A__BT-FR__ET-PH__PH_REGION-ILOCOS__HR-ST__SC-JUNGLE__ST-POCA__v01,PH,ILOCOS,EM-A,FR,ST,JUNGLE,POCA,01,2026-01-03T19:21:43.105291
FA-EM-A__BT-AL__ET-PH__PH_REGION-ILOCOS__HR-ST__SC-JUNGLE__ST-POCA__v01,PH,ILOCOS,EM-A,AL,ST,JUNGLE,POCA,01,2026-01-03T19:21:43.106705
FA-EM-A__BT-CF__ET-PH__PH_REGION-ILOCOS__HR-ST__SC-JUNGLE__ST-POCA__v01,PH,ILOCOS,EM-A,CF,ST,JUNGLE,POCA,01,2026-01-03T19:21:43.108088
FA-EM-A__BT-SM__ET-PH__PH_REGION-ILOCOS__HR-ST__SC-JUNGLE__ST-POCA__v01,PH,ILOCOS,EM-A,SM,ST,JUNGLE,POCA,01,2026-01-03T19:21:43.109535
FA-EM-A__BT-SC__ET-PH__PH_REGION-ILOCOS__HR-ST__SC-JUNGLE__ST-POCA__v01,PH,ILOCOS,EM-A,SC,ST,JUNGLE,POCA,01,2026-01-03T19:21:43.110920
FA-RS-A__BT-FR__ET-PH__PH_REGION-ILOCOS__HR-ST__SC-JUNGLE__ST-POCA__v01,PH,ILOCOS,RS-A,FR,ST,JUNGLE,POCA,01,2026-01-03T19:21:43.112538
FA-RS-A__BT-AL__ET-PH__PH_REGION-ILOCOS__HR-ST__SC-JUNGLE__ST-POCA__v01,PH,ILOCOS,RS-A,AL,ST,JUNGLE,POCA,01,2026-01-03T19:21:43.113893
FA-RS-A__BT-CF__ET-PH__PH_REGION-ILOCOS__HR-ST__SC-JUNGLE__ST-POCA__v01,PH,ILOCOS,RS-A,CF,ST,JUNGLE,POCA,01,2026-01-03T19:21:43.115120
FA-RS-A__BT-SM__ET-PH__PH_REGION-ILOCOS__HR-ST__SC-JUNGLE__ST-POCA__v01,PH,ILOCOS,RS-A,SM,ST,JUNGLE,POCA,01,2026-01-03T19:21:43.116342
FA-RS-A__BT-SC__ET-PH__PH_REGION-ILOCOS__HR-ST__SC-JUNGLE__ST-POCA__v01,PH,ILOCOS,RS-A,SC,ST,JUNGLE,POCA,01,2026-01-03T19:21:43.117551
FA-FD-A__BT-FR__ET-PH__PH_REGION-ILOCOS__HR-ST__SC-JUNGLE__ST-POCA__v01,PH,ILOCOS,FD-A,FR,ST,JUNGLE,POCA,01,2026-01-03T19:21:43.118815
FA-FD-A__BT-AL__ET-PH__PH_REGION-ILOCOS__HR-ST__SC-JUNGLE__ST-POCA__v01,PH,ILOCOS,FD-A,AL,ST,JUNGLE,POCA,01,2026-01-03T19:21:43.120054
FA-FD-A__BT-CF__ET-PH__PH_REGION-ILOCOS__HR-ST__SC-JUNGLE__ST-POCA__v01,PH,ILOCOS,FD-A,CF,ST,JUNGLE,POCA,01,2026-01-03T19:21:43.121333
FA-FD-A__BT-SM__ET-PH__PH_REGION-ILOCOS__HR-ST__SC-JUNGLE__ST-POCA__v01,PH,ILOCOS,FD-A,SM,ST,JUNGLE,POCA,01,2026-01-03T19:21:43.122609
FA-FD-A__BT-SC__ET-PH__PH_REGION-ILOCOS__HR-ST__SC-JUNGLE__ST-POCA__v01,PH,ILOCOS,FD-A,SC,ST,JUNGLE,POCA,01,2026-01-03T19:21:43.124086
FA-SG-A__BT-FR__ET-PH__PH_REGION-TAGALOG__HR-ST__SC-JUNGLE__ST-POCA__v01,PH,TAGALOG,SG-A,FR,ST,JUNGLE,POCA,01,2026-01-03T19:21:43.125587
FA-SG-A__BT-AL__ET-PH__PH_REGION-TAGALOG__HR-ST__SC-JUNGLE__ST-POCA__v01,PH,TAGALOG,SG-A,AL,ST,JUNGLE,POCA,01,2026-01-03T19:21:43.126959
FA-SG-A__BT-CF__ET-PH__PH_REGION-TAGALOG__HR-ST__SC-JUNGLE__ST-POCA__v01,PH,TAGALOG,SG-A,CF,ST,JUNGLE,POCA,01,2026-01-03T19:21:43.128626
FA-SG-A__BT-SM__ET-PH__PH_REGION-TAGALOG__HR-ST__SC-JUNGLE__ST-POCA__v01,PH,TAGALOG,SG-A,SM,ST,JUNGLE,POCA,01,2026-01-03T19:21:43.130165
FA-SG-A__BT-SC__ET-PH__PH_REGION-TAGALOG__HR-ST__SC-JUNGLE__ST-POCA__v01,PH,TAGALOG,SG-A,SC,ST,JUNGLE,POCA,01,2026-01-03T19:21:43.131663
FA-MB-A__BT-FR__ET-PH__PH_REGION-TAGALOG__HR-ST__SC-JUNGLE__ST-POCA__v01,PH,TAGALOG,MB-A,FR,ST,JUNGLE,POCA,01,2026-01-03T19:21:43.133054
FA-MB-A__BT-AL__ET-PH__PH_REGION-TAGALOG__HR-ST__SC-JUNGLE__ST-POCA__v01,PH,TAGALOG,MB-A,AL,ST,JUNGLE,POCA,01,2026-01-03T19:21:43.134599
FA-MB-A__BT-CF__ET-PH__PH_REGION-TAGALOG__HR-ST__SC-JUNGLE__ST-POCA__v01,PH,TAGALOG,MB-A,CF,ST,JUNGLE,POCA,01,2026-01-03T19:21:43.136116
FA-MB-A__BT-SM__ET-PH__PH_REGION-TAGALOG__HR-ST__SC-JUNGLE__ST-POCA__v01,PH,TAGALOG,MB-A,SM,ST,JUNGLE,POCA,01,2026-01-03T19:21:43.137606
FA-MB-A__BT-SC__ET-PH__PH_REGION-TAGALOG__HR-ST__SC-JUNGLE__ST-POCA__v01,PH,TAGALOG,MB-A,SC,ST,JUNGLE,POCA,01,2026-01-03T19:21:43.139105
FA-EM-A__BT-FR__ET-PH__PH_REGION-TAGALOG__HR-ST__SC-JUNGLE__ST-POCA__v01,PH,TAGALOG,EM-A,FR,ST,JUNGLE,POCA,01,2026-01-03T19:21:43.140417
FA-EM-A__BT-AL__ET-PH__PH_REGION-TAGALOG__HR-ST__SC-JUNGLE__ST-POCA__v01,PH,TAGALOG,EM-A,AL,ST,JUNGLE,POCA,01,2026-01-03T19:21:43.141922
FA-EM-A__BT-CF__ET-PH__PH_REGION-TAGALOG__HR-ST__SC-JUNGLE__ST-POCA__v01,PH,TAGALOG,EM-A,CF,ST,JUNGLE,POCA,01,2026-01-03T19:21:43.143567
FA-EM-A__BT-SM__ET-PH__PH_REGION-TAGALOG__HR-ST__SC-JUNGLE__ST-POCA__v01,PH,TAGALOG,EM-A,SM,ST,JUNGLE,POCA,01,2026-01-03T19:21:43.144867
FA-EM-A__BT-SC__ET-PH__PH_REGION-TAGALOG__HR-ST__SC-JUNGLE__ST-POCA__v01,PH,TAGALOG,EM-A,SC,ST,JUNGLE,POCA,01,2026-01-03T19:21:43.146705
FA-RS-A__BT-FR__ET-PH__PH_REGION-TAGALOG__HR-ST__SC-JUNGLE__ST-POCA__v01,PH,TAGALOG,RS-A,FR,ST,JUNGLE,POCA,01,2026-01-03T19:21:43.148147
FA-RS-A__BT-AL__ET-PH__PH_REGION-TAGALOG__HR-ST__SC-JUNGLE__ST-POCA__v01,PH,TAGALOG,RS-A,AL,ST,JUNGLE,POCA,01,2026-01-03T19:21:43.149383
FA-RS-A__BT-CF__ET-PH__PH_REGION-TAGALOG__HR-ST__SC-JUNGLE__ST-POCA__v01,PH,TAGALOG,RS-A,CF,ST,JUNGLE,POCA,01,2026-01-03T19:21:43.150630
FA-RS-A__BT-SM__ET-PH__PH_REGION-TAGALOG__HR-ST__SC-JUNGLE__ST-POCA__v01,PH,TAGALOG,RS-A,SM,ST,JUNGLE,POCA,01,2026-01-03T19:21:43.151849
FA-RS-A__BT-SC__ET-PH__PH_REGION-TAGALOG__HR-ST__SC-JUNGLE__ST-POCA__v01,PH,TAGALOG,RS-A,SC,ST,JUNGLE,POCA,01,2026-01-03T19:21:43.153077
FA-FD-A__BT-FR__ET-PH__PH_REGION-TAGALOG__HR-ST__SC-JUNGLE__ST-POCA__v01,PH,TAGALOG,FD-A,FR,ST,JUNGLE,POCA,01,2026-01-03T19:21:43.154320
FA-FD-A__BT-AL__ET-PH__PH_REGION-TAGALOG__HR-ST__SC-JUNGLE__ST-POCA__v01,PH,TAGALOG,FD-A,AL,ST,JUNGLE,POCA,01,2026-01-03T19:21:43.155536
FA-FD-A__BT-CF__ET-PH__PH_REGION-TAGALOG__HR-ST__SC-JUNGLE__ST-POCA__v01,PH,TAGALOG,FD-A,CF,ST,JUNGLE,POCA,01,2026-01-03T19:21:43.156859
FA-FD-A__BT-SM__ET-PH__PH_REGION-TAGALOG__HR-ST__SC-JUNGLE__ST-POCA__v01,PH,TAGALOG,FD-A,SM,ST,JUNGLE,POCA,01,2026-01-03T19:21:43.158086
FA-FD-A__BT-SC__ET-PH__PH_REGION-TAGALOG__HR-ST__SC-JUNGLE__ST-POCA__v01,PH,TAGALOG,FD-A,SC,ST,JUNGLE,POCA,01,2026-01-03T19:21:43.159313
FA-SG-A__BT-FR__ET-PH__PH_REGION-BICOL__HR-ST__SC-JUNGLE__ST-POCA__v01,PH,BICOL,SG-A,FR,ST,JUNGLE,POCA,01,2026-01-03T19:21:43.160711
FA-SG-A__BT-AL__ET-PH__PH_REGION-BICOL__HR-ST__SC-JUNGLE__ST-POCA__v01,PH,BICOL,SG-A,AL,ST,JUNGLE,POCA,01,2026-01-03T19:21:43.162129
FA-SG-A__BT-CF__ET-PH__PH_REGION-BICOL__HR-ST__SC-JUNGLE__ST-POCA__v01,PH,BICOL,SG-A,CF,ST,JUNGLE,POCA,01,2026-01-03T19:21:43.163492
FA-SG-A__BT-SM__ET-PH__PH_REGION-BICOL__HR-ST__SC-JUNGLE__ST-POCA__v01,PH,BICOL,SG-A,SM,ST,JUNGLE,POCA,01,2026-01-03T19:21:43.164787
FA-SG-A__BT-SC__ET-PH__PH_REGION-BICOL__HR-ST__SC-JUNGLE__ST-POCA__v01,PH,BICOL,SG-A,SC,ST,JUNGLE,POCA,01,2026-01-03T19:21:43.166111
FA-MB-A__BT-FR__ET-PH__PH_REGION-BICOL__HR-ST__SC-JUNGLE__ST-POCA__v01,PH,BICOL,MB-A,FR,ST,JUNGLE,POCA,01,2026-01-03T19:21:43.167378
FA-MB-A__BT-AL__ET-PH__PH_REGION-BICOL__HR-ST__SC-JUNGLE__ST-POCA__v01,PH,BICOL,MB-A,AL,ST,JUNGLE,POCA,01,2026-01-03T19:21:43.168605
FA-MB-A__BT-CF__ET-PH__PH_REGION-BICOL__HR-ST__SC-JUNGLE__ST-POCA__v01,PH,BICOL,MB-A,CF,ST,JUNGLE,POCA,01,2026-01-03T19:21:43.169837
FA-MB-A__BT-SM__ET-PH__PH_REGION-BICOL__HR-ST__SC-JUNGLE__ST-POCA__v01,PH,BICOL,MB-A,SM,ST,JUNGLE,POCA,01,2026-01-03T19:21:43.171283
FA-MB-A__BT-SC__ET-PH__PH_REGION-BICOL__HR-ST__SC-JUNGLE__ST-POCA__v01,PH,BICOL,MB-A,SC,ST,JUNGLE,POCA,01,2026-01-03T19:21:43.172941
FA-EM-A__BT-FR__ET-PH__PH_REGION-BICOL__HR-ST__SC-JUNGLE__ST-POCA__v01,PH,BICOL,EM-A,FR,ST,JUNGLE,POCA,01,2026-01-03T19:21:43.174247
FA-EM-A__BT-AL__ET-PH__PH_REGION-BICOL__HR-ST__SC-JUNGLE__ST-POCA__v01,PH,BICOL,EM-A,AL,ST,JUNGLE,POCA,01,2026-01-03T19:21:43.175397
FA-EM-A__BT-CF__ET-PH__PH_REGION-BICOL__HR-ST__SC-JUNGLE__ST-POCA__v01,PH,BICOL,EM-A,CF,ST,JUNGLE,POCA,01,2026-01-03T19:21:43.176557
FA-EM-A__BT-SM__ET-PH__PH_REGION-BICOL__HR-ST__SC-JUNGLE__ST-POCA__v01,PH,BICOL,EM-A,SM,ST,JUNGLE,POCA,01,2026-01-03T19:21:43.177710
FA-EM-A__BT-SC__ET-PH__PH_REGION-BICOL__HR-ST__SC-JUNGLE__ST-POCA__v01,PH,BICOL,EM-A,SC,ST,JUNGLE,POCA,01,2026-01-03T19:21:43.179398
FA-RS-A__BT-FR__ET-PH__PH_REGION-BICOL__HR-ST__SC-JUNGLE__ST-POCA__v01,PH,BICOL,RS-A,FR,ST,JUNGLE,POCA,01,2026-01-03T19:21:43.180748
FA-RS-A__BT-AL__ET-PH__PH_REGION-BICOL__HR-ST__SC-JUNGLE__ST-POCA__v01,PH,BICOL,RS-A,AL,ST,JUNGLE,POCA,01,2026-01-03T19:21:43.182047
FA-RS-A__BT-CF__ET-PH__PH_REGION-BICOL__HR-ST__SC-JUNGLE__ST-POCA__v01,PH,BICOL,RS-A,CF,ST,JUNGLE,POCA,01,2026-01-03T19:21:43.183227
FA-RS-A__BT-SM__ET-PH__PH_REGION-BICOL__HR-ST__SC-JUNGLE__ST-POCA__v01,PH,BICOL,RS-A,SM,ST,JUNGLE,POCA,01,2026-01-03T19:21:43.184646
FA-RS-A__BT-SC__ET-PH__PH_REGION-BICOL__HR-ST__SC-JUNGLE__ST-POCA__v01,PH,BICOL,RS-A,SC,ST,JUNGLE,POCA,01,2026-01-03T19:21:43.185760
FA-FD-A__BT-FR__ET-PH__PH_REGION-BICOL__HR-ST__SC-JUNGLE__ST-POCA__v01,PH,BICOL,FD-A,FR,ST,JUNGLE,POCA,01,2026-01-03T19:21:43.186879
FA-FD-A__BT-AL__ET-PH__PH_REGION-BICOL__HR-ST__SC-JUNGLE__ST-POCA__v01,PH,BICOL,FD-A,AL,ST,JUNGLE,POCA,01,2026-01-03T19:21:43.188413
FA-FD-A__BT-CF__ET-PH__PH_REGION-BICOL__HR-ST__SC-JUNGLE__ST-POCA__v01,PH,BICOL,FD-A,CF,ST,JUNGLE,POCA,01,2026-01-03T19:21:43.189515
FA-FD-A__BT-SM__ET-PH__PH_REGION-BICOL__HR-ST__SC-JUNGLE__ST-POCA__v01,PH,BICOL,FD-A,SM,ST,JUNGLE,POCA,01,2026-01-03T19:21:43.190628
FA-FD-A__BT-SC__ET-PH__PH_REGION-BICOL__HR-ST__SC-JUNGLE__ST-POCA__v01,PH,BICOL,FD-A,SC,ST,JUNGLE,POCA,01,2026-01-03T19:21:43.191794
FA-SG-A__BT-FR__ET-PH__PH_REGION-VISAYAS__HR-ST__SC-JUNGLE__ST-POCA__v01,PH,VISAYAS,SG-A,FR,ST,JUNGLE,POCA,01,2026-01-03T19:21:43.193478
FA-SG-A__BT-AL__ET-PH__PH_REGION-VISAYAS__HR-ST__SC-JUNGLE__ST-POCA__v01,PH,VISAYAS,SG-A,AL,ST,JUNGLE,POCA,01,2026-01-03T19:21:43.194710
FA-SG-A__BT-CF__ET-PH__PH_REGION-VISAYAS__HR-ST__SC-JUNGLE__ST-POCA__v01,PH,VISAYAS,SG-A,CF,ST,JUNGLE,POCA,01,2026-01-03T19:21:43.195980
FA-SG-A__BT-SM__ET-PH__PH_REGION-VISAYAS__HR-ST__SC-JUNGLE__ST-POCA__v01,PH,VISAYAS,SG-A,SM,ST,JUNGLE,POCA,01,2026-01-03T19:21:43.197122
FA-SG-A__BT-SC__ET-PH__PH_REGION-VISAYAS__HR-ST__SC-JUNGLE__ST-POCA__v01,PH,VISAYAS,SG-A,SC,ST,JUNGLE,POCA,01,2026-01-03T19:21:43.198489
FA-MB-A__BT-FR__ET-PH__PH_REGION-VISAYAS__HR-ST__SC-JUNGLE__ST-POCA__v01,PH,VISAYAS,MB-A,FR,ST,JUNGLE,POCA,01,2026-01-03T19:21:43.199795
FA-MB-A__BT-AL__ET-PH__PH_REGION-VISAYAS__HR-ST__SC-JUNGLE__ST-POCA__v01,PH,VISAYAS,MB-A,AL,ST,JUNGLE,POCA,01,2026-01-03T19:21:43.200897
FA-MB-A__BT-CF__ET-PH__PH_REGION-VISAYAS__HR-ST__SC-JUNGLE__ST-POCA__v01,PH,VISAYAS,MB-A,CF,ST,JUNGLE,POCA,01,2026-01-03T19:21:43.202013
FA-MB-A__BT-SM__ET-PH__PH_REGION-VISAYAS__HR-ST__SC-JUNGLE__ST-POCA__v01,PH,VISAYAS,MB-A,SM,ST,JUNGLE,POCA,01,2026-01-03T19:21:43.203198
FA-MB-A__BT-SC__ET-PH__PH_REGION-VISAYAS__HR-ST__SC-JUNGLE__ST-POCA__v01,PH,VISAYAS,MB-A,SC,ST,JUNGLE,POCA,01,2026-01-03T19:21:43.204317
FA-EM-A__BT-FR__ET-PH__PH_REGION-VISAYAS__HR-ST__SC-JUNGLE__ST-POCA__v01,PH,VISAYAS,EM-A,FR,ST,JUNGLE,POCA,01,2026-01-03T19:21:43.205914
FA-EM-A__BT-AL__ET-PH__PH_REGION-VISAYAS__HR-ST__SC-JUNGLE__ST-POCA__v01,PH,VISAYAS,EM-A,AL,ST,JUNGLE,POCA,01,2026-01-03T19:21:43.207632
FA-EM-A__BT-CF__ET-PH__PH_REGION-VISAYAS__HR-ST__SC-JUNGLE__ST-POCA__v01,PH,VISAYAS,EM-A,CF,ST,JUNGLE,POCA,01,2026-01-03T19:21:43.209152
FA-EM-A__BT-SM__ET-PH__PH_REGION-VISAYAS__HR-ST__SC-JUNGLE__ST-POCA__v01,PH,VISAYAS,EM-A,SM,ST,JUNGLE,POCA,01,2026-01-03T19:21:43.210319
FA-EM-A__BT-SC__ET-PH__PH_REGION-VISAYAS__HR-ST__SC-JUNGLE__ST-POCA__v01,PH,VISAYAS,EM-A,SC,ST,JUNGLE,POCA,01,2026-01-03T19:21:43.211433
FA-RS-A__BT-FR__ET-PH__PH_REGION-VISAYAS__HR-ST__SC-JUNGLE__ST-POCA__v01,PH,VISAYAS,RS-A,FR,ST,JUNGLE,POCA,01,2026-01-03T19:21:43.212623
FA-RS-A__BT-AL__ET-PH__PH_REGION-VISAYAS__HR-ST__SC-JUNGLE__ST-POCA__v01,PH,VISAYAS,RS-A,AL,ST,JUNGLE,POCA,01,2026-01-03T19:21:43.213775
FA-RS-A__BT-CF__ET-PH__PH_REGION-VISAYAS__HR-ST__SC-JUNGLE__ST-POCA__v01,PH,VISAYAS,RS-A,CF,ST,JUNGLE,POCA,01,2026-01-03T19:21:43.214917
FA-RS-A__BT-SM__ET-PH__PH_REGION-VISAYAS__HR-ST__SC-JUNGLE__ST-POCA__v01,PH,VISAYAS,RS-A,SM,ST,JUNGLE,POCA,01,2026-01-03T19:21:43.216625
FA-RS-A__BT-SC__ET-PH__PH_REGION-VISAYAS__HR-ST__SC-JUNGLE__ST-POCA__v01,PH,VISAYAS,RS-A,SC,ST,JUNGLE,POCA,01,2026-01-03T19:21:43.217748
FA-FD-A__BT-FR__ET-PH__PH_REGION-VISAYAS__HR-ST__SC-JUNGLE__ST-POCA__v01,PH,VISAYAS,FD-A,FR,ST,JUNGLE,POCA,01,2026-01-03T19:21:43.218949
FA-FD-A__BT-AL__ET-PH__PH_REGION-VISAYAS__HR-ST__SC-JUNGLE__ST-POCA__v01,PH,VISAYAS,FD-A,AL,ST,JUNGLE,POCA,01,2026-01-03T19:21:43.220109
FA-FD-A__BT-CF__ET-PH__PH_REGION-VISAYAS__HR-ST__SC-JUNGLE__ST-POCA__v01,PH,VISAYAS,FD-A,CF,ST,JUNGLE,POCA,01,2026-01-03T19:21:43.221456
FA-FD-A__BT-SM__ET-PH__PH_REGION-VISAYAS__HR-ST__SC-JUNGLE__ST-POCA__v01,PH,VISAYAS,FD-A,SM,ST,JUNGLE,POCA,01,2026-01-03T19:21:43.222733
FA-FD-A__BT-SC__ET-PH__PH_REGION-VISAYAS__HR-ST__SC-JUNGLE__ST-POCA__v01,PH,VISAYAS,FD-A,SC,ST,JUNGLE,POCA,01,2026-01-03T19:21:43.224549
FA-SG-A__BT-FR__ET-PH__PH_REGION-MINDANAO__HR-ST__SC-JUNGLE__ST-POCA__v01,PH,MINDANAO,SG-A,FR,ST,JUNGLE,POCA,01,2026-01-03T19:21:43.226540
FA-SG-A__BT-AL__ET-PH__PH_REGION-MINDANAO__HR-ST__SC-JUNGLE__ST-POCA__v01,PH,MINDANAO,SG-A,AL,ST,JUNGLE,POCA,01,2026-01-03T19:21:43.227795
FA-SG-A__BT-CF__ET-PH__PH_REGION-MINDANAO__HR-ST__SC-JUNGLE__ST-POCA__v01,PH,MINDANAO,SG-A,CF,ST,JUNGLE,POCA,01,2026-01-03T19:21:43.228921
FA-SG-A__BT-SM__ET-PH__PH_REGION-MINDANAO__HR-ST__SC-JUNGLE__ST-POCA__v01,PH,MINDANAO,SG-A,SM,ST,JUNGLE,POCA,01,2026-01-03T19:21:43.230029
FA-SG-A__BT-SC__ET-PH__PH_REGION-MINDANAO__HR-ST__SC-JUNGLE__ST-POCA__v01,PH,MINDANAO,SG-A,SC,ST,JUNGLE,POCA,01,2026-01-03T19:21:43.231191
FA-MB-A__BT-FR__ET-PH__PH_REGION-MINDANAO__HR-ST__SC-JUNGLE__ST-POCA__v01,PH,MINDANAO,MB-A,FR,ST,JUNGLE,POCA,01,2026-01-03T19:21:43.232641
FA-MB-A__BT-AL__ET-PH__PH_REGION-MINDANAO__HR-ST__SC-JUNGLE__ST-POCA__v01,PH,MINDANAO,MB-A,AL,ST,JUNGLE,POCA,01,2026-01-03T19:21:43.233973
FA-MB-A__BT-CF__ET-PH__PH_REGION-MINDANAO__HR-ST__SC-JUNGLE__ST-POCA__v01,PH,MINDANAO,MB-A,CF,ST,JUNGLE,POCA,01,2026-01-03T19:21:43.235230
FA-MB-A__BT-SM__ET-PH__PH_REGION-MINDANAO__HR-ST__SC-JUNGLE__ST-POCA__v01,PH,MINDANAO,MB-A,SM,ST,JUNGLE,POCA,01,2026-01-03T19:21:43.236342
FA-MB-A__BT-SC__ET-PH__PH_REGION-MINDANAO__HR-ST__SC-JUNGLE__ST-POCA__v01,PH,MINDANAO,MB-A,SC,ST,JUNGLE,POCA,01,2026-01-03T19:21:43.237513
FA-EM-A__BT-FR__ET-PH__PH_REGION-MINDANAO__HR-ST__SC-JUNGLE__ST-POCA__v01,PH,MINDANAO,EM-A,FR,ST,JUNGLE,POCA,01,2026-01-03T19:21:43.238655
FA-EM-A__BT-AL__ET-PH__PH_REGION-MINDANAO__HR-ST__SC-JUNGLE__ST-POCA__v01,PH,MINDANAO,EM-A,AL,ST,JUNGLE,POCA,01,2026-01-03T19:21:43.239774
FA-EM-A__BT-CF__ET-PH__PH_REGION-MINDANAO__HR-ST__SC-JUNGLE__ST-POCA__v01,PH,MINDANAO,EM-A,CF,ST,JUNGLE,POCA,01,2026-01-03T19:21:43.241102
FA-EM-A__BT-SM__ET-PH__PH_REGION-MINDANAO__HR-ST__SC-JUNGLE__ST-POCA__v01,PH,MINDANAO,EM-A,SM,ST,JUNGLE,POCA,01,2026-01-03T19:21:43.242303
FA-EM-A__BT-SC__ET-PH__PH_REGION-MINDANAO__HR-ST__SC-JUNGLE__ST-POCA__v01,PH,MINDANAO,EM-A,SC,ST,JUNGLE,POCA,01,2026-01-03T19:21:43.243460
FA-RS-A__BT-FR__ET-PH__PH_REGION-MINDANAO__HR-ST__SC-JUNGLE__ST-POCA__v01,PH,MINDANAO,RS-A,FR,ST,JUNGLE,POCA,01,2026-01-03T19:21:43.244622
FA-RS-A__BT-AL__ET-PH__PH_REGION-MINDANAO__HR-ST__SC-JUNGLE__ST-POCA__v01,PH,MINDANAO,RS-A,AL,ST,JUNGLE,POCA,01,2026-01-03T19:21:43.246070
FA-RS-A__BT-CF__ET-PH__PH_REGION-MINDANAO__HR-ST__SC-JUNGLE__ST-POCA__v01,PH,MINDANAO,RS-A,CF,ST,JUNGLE,POCA,01,2026-01-03T19:21:43.247461
FA-RS-A__BT-SM__ET-PH__PH_REGION-MINDANAO__HR-ST__SC-JUNGLE__ST-POCA__v01,PH,MINDANAO,RS-A,SM,ST,JUNGLE,POCA,01,2026-01-03T19:21:43.249163
FA-RS-A__BT-SC__ET-PH__PH_REGION-MINDANAO__HR-ST__SC-JUNGLE__ST-POCA__v01,PH,MINDANAO,RS-A,SC,ST,JUNGLE,POCA,01,2026-01-03T19:21:43.250426
FA-FD-A__BT-FR__ET-PH__PH_REGION-MINDANAO__HR-ST__SC-JUNGLE__ST-POCA__v01,PH,MINDANAO,FD-A,FR,ST,JUNGLE,POCA,01,2026-01-03T19:21:43.251617
FA-FD-A__BT-AL__ET-PH__PH_REGION-MINDANAO__HR-ST__SC-JUNGLE__ST-POCA__v01,PH,MINDANAO,FD-A,AL,ST,JUNGLE,POCA,01,2026-01-03T19:21:43.252735
FA-FD-A__BT-CF__ET-PH__PH_REGION-MINDANAO__HR-ST__SC-JUNGLE__ST-POCA__v01,PH,MINDANAO,FD-A,CF,ST,JUNGLE,POCA,01,2026-01-03T19:21:43.253858
FA-FD-A__BT-SM__ET-PH__PH_REGION-MINDANAO__HR-ST__SC-JUNGLE__ST-POCA__v01,PH,MINDANAO,FD-A,SM,ST,JUNGLE,POCA,01,2026-01-03T19:21:43.255007
FA-FD-A__BT-SC__ET-PH__PH_REGION-MINDANAO__HR-ST__SC-JUNGLE__ST-POCA__v01,PH,MINDANAO,FD-A,SC,ST,JUNGLE,POCA,01,2026-01-03T19:21:43.256165
FA-SG-A__BT-FR__ET-PH__PH_REGION-BANGSAMORO__HR-ST__SC-JUNGLE__ST-POCA__v01,PH,BANGSAMORO,SG-A,FR,ST,JUNGLE,POCA,01,2026-01-03T19:21:43.257448
FA-SG-A__BT-AL__ET-PH__PH_REGION-BANGSAMORO__HR-ST__SC-JUNGLE__ST-POCA__v01,PH,BANGSAMORO,SG-A,AL,ST,JUNGLE,POCA,01,2026-01-03T19:21:43.258588
FA-SG-A__BT-CF__ET-PH__PH_REGION-BANGSAMORO__HR-ST__SC-JUNGLE__ST-POCA__v01,PH,BANGSAMORO,SG-A,CF,ST,JUNGLE,POCA,01,2026-01-03T19:21:43.259984
FA-SG-A__BT-SM__ET-PH__PH_REGION-BANGSAMORO__HR-ST__SC-JUNGLE__ST-POCA__v01,PH,BANGSAMORO,SG-A,SM,ST,JUNGLE,POCA,01,2026-01-03T19:21:43.261119
FA-SG-A__BT-SC__ET-PH__PH_REGION-BANGSAMORO__HR-ST__SC-JUNGLE__ST-POCA__v01,PH,BANGSAMORO,SG-A,SC,ST,JUNGLE,POCA,01,2026-01-03T19:21:43.262260
FA-MB-A__BT-FR__ET-PH__PH_REGION-BANGSAMORO__HR-ST__SC-JUNGLE__ST-POCA__v01,PH,BANGSAMORO,MB-A,FR,ST,JUNGLE,POCA,01,2026-01-03T19:21:43.263466
FA-MB-A__BT-AL__ET-PH__PH_REGION-BANGSAMORO__HR-ST__SC-JUNGLE__ST-POCA__v01,PH,BANGSAMORO,MB-A,AL,ST,JUNGLE,POCA,01,2026-01-03T19:21:43.264813
FA-MB-A__BT-CF__ET-PH__PH_REGION-BANGSAMORO__HR-ST__SC-JUNGLE__ST-POCA__v01,PH,BANGSAMORO,MB-A,CF,ST,JUNGLE,POCA,01,2026-01-03T19:21:43.265961
FA-MB-A__BT-SM__ET-PH__PH_REGION-BANGSAMORO__HR-ST__SC-JUNGLE__ST-POCA__v01,PH,BANGSAMORO,MB-A,SM,ST,JUNGLE,POCA,01,2026-01-03T19:21:43.267077
FA-MB-A__BT-SC__ET-PH__PH_REGION-BANGSAMORO__HR-ST__SC-JUNGLE__ST-POCA__v01,PH,BANGSAMORO,MB-A,SC,ST,JUNGLE,POCA,01,2026-01-03T19:21:43.268175
FA-EM-A__BT-FR__ET-PH__PH_REGION-BANGSAMORO__HR-ST__SC-JUNGLE__ST-POCA__v01,PH,BANGSAMORO,EM-A,FR,ST,JUNGLE,POCA,01,2026-01-03T19:21:43.269338
FA-EM-A__BT-AL__ET-PH__PH_REGION-BANGSAMORO__HR-ST__SC-JUNGLE__ST-POCA__v01,PH,BANGSAMORO,EM-A,AL,ST,JUNGLE,POCA,01,2026-01-03T19:21:43.270800
FA-EM-A__BT-CF__ET-PH__PH_REGION-BANGSAMORO__HR-ST__SC-JUNGLE__ST-POCA__v01,PH,BANGSAMORO,EM-A,CF,ST,JUNGLE,POCA,01,2026-01-03T19:21:43.272017
FA-EM-A__BT-SM__ET-PH__PH_REGION-BANGSAMORO__HR-ST__SC-JUNGLE__ST-POCA__v01,PH,BANGSAMORO,EM-A,SM,ST,JUNGLE,POCA,01,2026-01-03T19:21:43.273299
FA-EM-A__BT-SC__ET-PH__PH_REGION-BANGSAMORO__HR-ST__SC-JUNGLE__ST-POCA__v01,PH,BANGSAMORO,EM-A,SC,ST,JUNGLE,POCA,01,2026-01-03T19:21:43.274407
FA-RS-A__BT-FR__ET-PH__PH_REGION-BANGSAMORO__HR-ST__SC-JUNGLE__ST-POCA__v01,PH,BANGSAMORO,RS-A,FR,ST,JUNGLE,POCA,01,2026-01-03T19:21:43.275533
FA-RS-A__BT-AL__ET-PH__PH_REGION-BANGSAMORO__HR-ST__SC-JUNGLE__ST-POCA__v01,PH,BANGSAMORO,RS-A,AL,ST,JUNGLE,POCA,01,2026-01-03T19:21:43.276885
FA-RS-A__BT-CF__ET-PH__PH_REGION-BANGSAMORO__HR-ST__SC-JUNGLE__ST-POCA__v01,PH,BANGSAMORO,RS-A,CF,ST,JUNGLE,POCA,01,2026-01-03T19:21:43.278082
FA-RS-A__BT-SM__ET-PH__PH_REGION-BANGSAMORO__HR-ST__SC-JUNGLE__ST-POCA__v01,PH,BANGSAMORO,RS-A,SM,ST,JUNGLE,POCA,01,2026-01-03T19:21:43.279216
FA-RS-A__BT-SC__ET-PH__PH_REGION-BANGSAMORO__HR-ST__SC-JUNGLE__ST-POCA__v01,PH,BANGSAMORO,RS-A,SC,ST,JUNGLE,POCA,01,2026-01-03T19:21:43.280845
FA-FD-A__BT-FR__ET-PH__PH_REGION-BANGSAMORO__HR-ST__SC-JUNGLE__ST-POCA__v01,PH,BANGSAMORO,FD-A,FR,ST,JUNGLE,POCA,01,2026-01-03T19:21:43.282027
FA-FD-A__BT-AL__ET-PH__PH_REGION-BANGSAMORO__HR-ST__SC-JUNGLE__ST-POCA__v01,PH,BANGSAMORO,FD-A,AL,ST,JUNGLE,POCA,01,2026-01-03T19:21:43.283124
FA-FD-A__BT-CF__ET-PH__PH_REGION-BANGSAMORO__HR-ST__SC-JUNGLE__ST-POCA__v01,PH,BANGSAMORO,FD-A,CF,ST,JUNGLE,POCA,01,2026-01-03T19:21:43.284318
FA-FD-A__BT-SM__ET-PH__PH_REGION-BANGSAMORO__HR-ST__SC-JUNGLE__ST-POCA__v01,PH,BANGSAMORO,FD-A,SM,ST,JUNGLE,POCA,01,2026-01-03T19:21:43.285472
FA-FD-A__BT-SC__ET-PH__PH_REGION-BANGSAMORO__HR-ST__SC-JUNGLE__ST-POCA__v01,PH,BANGSAMORO,FD-A,SC,ST,JUNGLE,POCA,01,2026-01-03T19:21:43.286580
